{
    "Comment": "The mua below is 1/mm",
    "1: Air": 0,
    "2: PLA": 10000.0,
    "3: Prism": 0,
    "4: Skin": 0.08666731889010006,
    "5: Fat": 0.058488869047619074,
    "6: Muscle": 0.03711350456390799,
    "7: Muscle or IJV (Perturbed Region)": 0.4487005299091995,
    "8: IJV": 0.4487005299091995,
    "9: CCA": 0.5644030694322457
}