{
    "Comment": "The mua below is 1/mm",
    "1: Air": 0,
    "2: PLA": 1000000.0,
    "3: Prism": 0,
    "4: Skin": 0.03097207772152118,
    "5: Fat": 0.07370747701258278,
    "6: Muscle": 0.024609811543206978,
    "7: Muscle or IJV (Perturbed Region)": 0.024609811543206978,
    "8: IJV": 0.43897541537821516,
    "9: CCA": 0.46172828028739593
}