{
    "Comment": "The mua below is 1/mm",
    "1: Air": 0,
    "2: PLA": 10000.0,
    "3: Prism": 0,
    "4: Skin": 0.12229526806164974,
    "5: Fat": 0.06253192611844031,
    "6: Muscle": 0.029053388456395858,
    "7: Muscle or IJV (Perturbed Region)": 0.029053388456395858,
    "8: IJV": 0.41682775327612476,
    "9: CCA": 0.3188517003768789
}