{
    "Comment": "The mua below is 1/mm",
    "1: Air": 0,
    "2: PLA": 10000.0,
    "3: Prism": 0,
    "4: Skin": 0.11212147456974833,
    "5: Fat": 0.06113571186827658,
    "6: Muscle": 0.028933600290963004,
    "7: Muscle or IJV (Perturbed Region)": 0.028933600290963004,
    "8: IJV": 0.4976210841844608,
    "9: CCA": 0.38203334103095926
}