{
    "Comment": "The mua below is 1/mm",
    "1: Air": 0,
    "2: PLA": 10000.0,
    "3: Prism": 0,
    "4: Skin": 0.09906759272152117,
    "5: Fat": 0.05936314161006622,
    "6: Muscle": 0.03039267214444079,
    "7: Muscle or IJV (Perturbed Region)": 0.4311295998922907,
    "8: IJV": 0.4311295998922907,
    "9: CCA": 0.46172828028739593
}