{
    "Comment": "The mua below is 1/mm",
    "1: Air": 0,
    "2: PLA": 1000000.0,
    "3: Prism": 0,
    "4: Skin": 0.028670678890100044,
    "5: Fat": 0.07203608630952384,
    "6: Muscle": 0.030316546479292047,
    "7: Muscle or IJV (Perturbed Region)": 0.030316546479292047,
    "8: IJV": 0.5075323296666806,
    "9: CCA": 0.5644030694322457
}