{
    "Comment": "The mua below is 1/mm",
    "1: Air": 0,
    "2: PLA": 1000000.0,
    "3: Prism": 0,
    "4: Skin": 0.03490173956974832,
    "5: Fat": 0.07583963983534572,
    "6: Muscle": 0.023513425627748413,
    "7: Muscle or IJV (Perturbed Region)": 0.4388476554623414,
    "8: IJV": 0.4388476554623414,
    "9: CCA": 0.38203334103095926
}