{
    "Comment": "The mua below is 1/mm",
    "1: Air": 0,
    "2: PLA": 10000.0,
    "3: Prism": 0,
    "4: Skin": 0.1384218955145562,
    "5: Fat": 0.0643870506876199,
    "6: Muscle": 0.020292076062582688,
    "7: Muscle or IJV (Perturbed Region)": 0.3232365609467234,
    "8: IJV": 0.3232365609467234,
    "9: CCA": 0.21258861327249218
}