{
    "Comment": "The mua below is 1/mm",
    "1: Air": 0,
    "2: PLA": 1000000.0,
    "3: Prism": 0,
    "4: Skin": 0.03809866806164973,
    "5: Fat": 0.07753490764805039,
    "6: Muscle": 0.023667387663806237,
    "7: Muscle or IJV (Perturbed Region)": 0.023667387663806237,
    "8: IJV": 0.4683940969073069,
    "9: CCA": 0.3188517003768789
}